{"cameraMode":{"drawMode":0,"name":"Shaded","section":"Shading Mode"},"sceneLighting":false,"audioPlay":false,"sceneViewState":{"showFog":true,"showMaterialUpdate":false,"showSkybox":false,"showFlares":true,"showImageEffects":true,"showParticleSystems":true},"in2DMode":false,"pivot":{"x":-5.447643280029297,"y":5.790379047393799,"z":-0.178436279296875},"rotation":{"x":-0.1259738653898239,"y":0.0035698318388313057,"z":-0.00045088730985298753,"w":-0.9920352697372437},"size":10.0,"orthographic":false}