{"cameraMode":{"drawMode":0,"name":"Shaded","section":"Shading Mode"},"sceneLighting":false,"audioPlay":false,"sceneViewState":{"showFog":true,"showMaterialUpdate":true,"showSkybox":false,"showFlares":true,"showImageEffects":true,"showParticleSystems":true},"in2DMode":false,"pivot":{"x":2.5091848373413088,"y":3.5549659729003908,"z":-4.134036064147949},"rotation":{"x":0.19259585440158845,"y":-0.005892342422157526,"z":0.0011560524581000209,"w":0.981263279914856},"size":10.0,"orthographic":false}