{"cameraMode":{"drawMode":0,"name":"Shaded","section":"Shading Mode"},"sceneLighting":true,"audioPlay":false,"sceneViewState":{"showFog":true,"showMaterialUpdate":true,"showSkybox":true,"showFlares":true,"showImageEffects":true,"showParticleSystems":true},"in2DMode":false,"pivot":{"x":414.4693298339844,"y":218.40150451660157,"z":-39.850555419921878},"rotation":{"x":0.0914631336927414,"y":0.06864981353282929,"z":-0.0063295685686171059,"w":0.9934349060058594},"size":211.7882080078125,"orthographic":false}