{"cameraMode":{"drawMode":0,"name":"Shaded","section":"Shading Mode"},"sceneLighting":true,"audioPlay":false,"sceneViewState":{"showFog":true,"showMaterialUpdate":false,"showSkybox":true,"showFlares":true,"showImageEffects":true,"showParticleSystems":true},"in2DMode":false,"pivot":{"x":942.0868530273438,"y":246.39764404296876,"z":14.59912109375},"rotation":{"x":-0.00621004169806838,"y":-0.9934157133102417,"z":0.06597036868333817,"w":-0.09354878962039948},"size":617.3900756835938,"orthographic":false}